Employee ID,Basic Salary,Tax,Bonus,Travel Allowance,Others
3696,34030,23312,3788,5443,4039
2687,119779,6636,5876,2277,1108
4513,63289,27564,4708,1398,808
416,49739,29667,10899,3172,4807
1472,91687,23227,2769,3810,2864
4181,66491,29760,10510,7274,684
4263,102115,19707,14746,6681,745
2432,113778,22215,7731,3939,738
2516,34781,10538,12571,1944,1019
1096,50448,26699,11965,6965,4407
810,81550,15317,12182,7348,776
3045,79294,17454,4044,8770,4528
993,51446,20449,1375,8099,4809
1282,106579,13455,7347,2196,1105
4371,115389,26711,4036,2212,4553
1774,115615,20059,9852,1823,3212
3562,47101,20630,7218,8084,641
3817,96178,6286,10595,1535,4161
1757,58016,6529,1740,4010,2869
2374,48932,15000,9495,8537,2217
2577,74653,11655,2085,1949,3927
892,82802,6877,14073,1543,2824
4185,37549,14941,12371,4900,2344
708,108933,26815,2210,5224,899
2398,55362,23862,12226,3866,3063
4483,77842,18055,9420,3246,2022
2135,76539,21484,4119,2836,1834
2355,63717,8087,11046,9268,3123
4536,84596,10828,1267,9560,738
977,53016,28809,3774,7976,3715
735,85200,23675,12041,1348,4147
2469,110268,26851,5349,5601,2116
2541,90287,29680,5965,5333,2929
633,113402,22077,11326,6399,4152
4269,72607,27170,14492,6696,2221
4100,57621,10406,14336,2455,1772
2902,42823,16432,9125,3185,3639
1664,59986,8491,4459,8436,3378
2016,94325,18358,11461,4811,2035
3182,87771,18354,1989,8309,1035
4064,84973,8392,13684,9086,1448
2631,44690,7268,1937,4682,3142
3873,69107,10632,7654,2846,4441
1055,87888,8783,7989,2854,1521
381,40956,19479,9631,3985,933
3083,116839,20387,8342,3894,1903
2392,86227,27357,7023,8496,4011
1593,66533,10969,3358,1558,3435
4262,86234,13981,11199,3896,4764
2748,97594,26032,4345,2254,3833
2390,86901,26323,13322,2681,2102
3554,41519,13850,7360,6271,728
3028,61115,29408,5816,7283,4717
1208,96266,29241,4743,9854,2696
3854,31832,20172,8159,4325,3399
545,71368,22402,1518,2241,610
3082,118425,23337,1268,4143,1744
3664,99715,8657,13925,4037,4659
2240,101835,26230,6444,9353,3185
2368,103366,23680,6475,2781,4301
3774,67570,22158,5185,5675,4367
2628,117977,24195,6161,2477,1877
3932,36615,14572,10580,8148,2271
2475,102298,8182,10886,8551,512
3131,68311,17979,12465,1106,4834
3508,53434,12867,10581,3668,3761
97,116879,20155,4865,5935,1162
3859,45739,18006,12221,8270,3592
2709,96202,9329,9011,2164,1193
3337,109599,27551,3335,2157,3890
457,63649,8097,4674,3246,1681
4369,77445,6404,5576,7653,3518
2988,69470,10101,1500,9858,2004
4089,104965,6369,10853,8649,2402
3885,78621,26881,11291,1511,4671
1032,62926,11665,9083,9441,828
208,67997,23448,9294,1888,1939
1938,89940,7765,6543,8983,4346
1147,70724,24201,3746,9791,4667
4300,61704,29175,4276,4022,724
2565,58391,5716,4085,3530,3020
443,93291,18850,6735,7315,4214
4785,119723,25424,8796,3064,2907
833,32526,6711,7613,6413,1310
1462,54686,26751,12729,7537,3617
3517,103339,11261,2327,4569,3790
1160,36574,21392,8772,2242,4886
387,38733,25502,11666,5329,2751
2042,80290,11086,10871,2925,3029
2554,102793,27767,4746,4395,1423
1719,66051,19362,6684,1440,3552
4776,45909,16223,3562,6231,515
4051,119682,21220,5163,9181,4096
3410,107338,18392,4317,3743,2903
690,103432,25051,3436,9039,4951
1170,58133,7246,6769,9198,4510
4989,81571,25010,9499,2586,3146
953,109062,7822,13188,1825,1601
4880,80908,29667,14663,4824,3475
4591,41278,22234,6918,2268,1590
3497,81458,22491,2089,8615,3406
3918,94265,21683,5555,4436,2246
4843,86782,29486,3394,9089,4809
2485,85415,14669,7468,2310,2220
1855,84160,26784,5004,1477,948
3440,84399,6082,1666,9906,3512
3232,55298,16148,6718,3162,4004
2598,52191,13167,6152,1508,2068
3984,86964,14557,13355,8319,3686
2192,63092,24184,3234,1381,3991
2636,119407,16728,7335,2845,3046
657,105257,8951,2236,8300,4975
3813,92513,19677,2623,9909,1547
3341,81097,20969,2374,8717,1564
3912,60279,13967,8275,9509,4321
1797,44404,11768,12503,5629,1067
4364,100022,22836,7359,6704,1936
1763,65198,23065,1176,2776,3205
4473,79997,19039,14876,9103,2983
3286,108692,7303,10545,3284,4279
1586,30567,20163,7704,2244,3294
3564,91032,12157,3928,2333,2360
2441,32179,23235,9817,4669,3836
4585,32019,23281,8617,2200,2390
4818,111455,21129,11846,2794,4791
3101,115239,27209,8614,7181,1597
3245,48704,14519,12800,2454,2138
1041,48030,5244,4715,2933,2158
3128,99445,13948,5274,1746,1625
2274,103551,14015,9586,8370,763
3630,33420,16019,10360,8973,3492
2115,89875,25191,5971,7827,660
1678,77653,7779,14249,1792,1756
3095,46740,23230,9389,7927,810
999,95263,18723,1968,2267,726
2285,94559,28405,13100,7369,772
1590,49465,17803,4155,3690,4912
1162,81432,21857,5764,8874,2422
2521,34131,25515,3504,1292,3657
3856,40652,18698,8643,7864,2838
4649,94973,6792,10468,5022,2101
695,117043,20376,7006,2648,4218
4413,77147,23118,13359,6171,2922
4864,77671,18117,13510,2693,2425
3799,119342,12215,8962,7710,1066
3684,49171,28613,8943,2037,3415
1972,116129,10188,2269,4852,751
1504,85692,21018,2364,6459,2854
3250,88541,19701,7716,8048,4001
4219,39470,10281,1923,7184,2811
3243,91344,27242,1470,2161,2615
1869,74308,5944,7597,2029,2102
1672,80639,6511,12208,1978,3770
1083,51326,25465,11246,9709,1013
1729,34597,17718,13475,9974,941
3852,60788,27502,11243,6129,500
2143,95020,22242,14956,1137,1402
1149,79477,24944,3954,9945,1720
254,63071,29805,2148,5808,2821
4103,100603,13369,4086,3455,1355
3543,91923,17120,10151,8392,1517
2776,100560,18721,1629,9771,2720
4638,103251,7615,8407,4266,4004
3334,87492,22997,1774,5649,695
4185,61770,20629,9551,9587,1832
3280,106762,7840,9709,6253,2017
4309,65399,19051,2343,6428,3197
2882,108948,6774,8398,6985,4954
266,87439,18262,11161,3589,3607
2341,74415,8871,8197,8176,1557
3149,42569,13273,6016,4034,3205
3360,32369,22229,12419,1169,2563
1005,30528,14408,8797,4239,3292
2095,60314,8260,3899,4415,920
4718,48047,8145,1934,4568,3314
3272,49748,12802,2986,4484,3340
4523,65109,7263,5996,5835,1531
210,43919,13155,7542,2841,1991
888,77498,5922,6465,7878,2385
154,85808,11695,14506,5552,1009
3594,110792,25672,7311,7844,2359
415,100441,10758,9568,4026,2358
3425,104420,17576,12752,7189,1413
1285,58906,29515,10966,4965,2565
3149,101486,24014,2505,8184,3466
769,96896,12816,6363,6479,4337
983,51946,12556,11846,6380,2096
3203,77020,21225,2010,2146,4942
4675,104266,10930,14482,5326,1555
3527,52161,16633,4477,1111,1523
2788,57738,28384,8741,1592,3704
2211,33925,8512,10422,8413,1075
1039,38463,11066,10369,9179,698
3933,87153,18207,4857,2238,1865
542,112948,25106,11287,6983,2498
359,91009,19322,10864,3794,1516
850,117938,27032,11120,4598,4118
4523,71552,7060,4839,4803,525
2545,86271,19013,12370,2526,2058
4582,39797,24418,5268,8909,4224
1832,116130,7387,3553,2969,3958
1473,101942,28392,11637,2502,3856
1437,43965,13031,5389,5467,2867
330,43733,6799,1551,7407,970
4355,83223,25791,6566,9301,2967
4239,56926,7780,12089,3354,1385
4009,58783,6127,10231,6319,1375
4723,113360,29914,6758,1225,1441
1389,66394,12365,10076,4011,3541
4186,94796,19635,14660,5126,1071
720,58287,12611,4051,1613,4649
3236,112104,17646,6322,1098,1104
4577,60436,12535,13421,6458,4920
2132,116916,19504,14058,6916,4029
1101,103567,14364,12789,4337,4860
673,117483,7808,3555,3699,881
517,33188,18055,2089,6917,1736
2533,36765,9297,13767,8517,2880
3671,81626,16209,14150,2019,4279
782,118707,25943,1458,4025,2605
3524,40807,5448,5721,4528,2017
3559,40204,10008,13446,4886,2033
2387,87944,26277,7304,7231,3794
4783,72120,22177,14565,6182,3940
1590,52658,21820,11199,6578,3989
4996,67081,11012,2920,7729,4445
1502,64986,27253,14227,7961,1370
3795,109322,6620,8694,7013,2650
4319,80304,18584,6668,1796,3732
3081,95592,25692,7298,2957,3731
1077,88548,5948,7629,4066,4266
1101,69986,25328,13719,3680,3707
503,104095,14319,6146,5441,4993
1340,118281,21575,2003,3948,4987
3886,96151,17204,4083,4731,4326
624,103598,16952,11306,2101,2112
1887,58214,22787,3589,6484,1577
3351,68745,23374,11335,5231,1800
1051,72548,6104,5310,9983,2658
3773,40681,5548,3241,1981,2771
3917,36984,16640,6766,6170,3029
4019,57579,27145,14601,9935,3760
1330,84933,12903,8711,3431,863
4115,57399,23168,5980,9566,1345
3368,61481,15613,11278,7349,3532
3952,30944,22188,1938,4897,1827
2498,39114,13990,14226,8548,3662
1574,69846,16467,5301,2991,891
2635,113666,28901,4970,3928,3755
2769,107848,28215,14229,6430,2559
1212,62596,28301,4999,4446,3737
776,105287,9238,5650,7775,2546
1161,36907,24644,7627,9783,4741
2384,58114,9367,4408,6161,1805
2655,55009,10651,14807,3569,3394
3541,114846,21204,9962,3872,2532
4698,80241,24755,1248,2335,1264
4636,65725,7093,14385,6413,998
1096,48996,9001,9564,1112,3868
24,36047,27940,6950,4772,3444
4720,58767,12810,3926,6294,4304
3557,46347,16272,8975,2987,4713
1080,54102,9554,4857,5829,4960
4319,34263,23901,5930,2985,635
179,97438,13697,8014,6091,1600
2848,60540,27189,9893,1252,2371
1961,105726,22480,11377,9315,4533
1474,93769,17371,7966,1623,4613
4889,70843,14236,10133,4156,4512
4980,57690,18769,13106,4389,704
1213,32994,12061,7587,4417,2871
810,97546,23588,7496,3945,1061
420,37377,8902,6091,9632,3814
3660,108572,6352,9985,3092,4460
3817,56467,6596,1677,3705,3026
1279,30048,13767,6909,4759,2711
2524,66978,28364,2561,6112,2871
1441,77606,5679,5053,1553,3181
1341,111574,25096,9644,5904,3306
2222,103414,17020,11658,2112,4269
2393,79222,17096,4656,3777,2755
1362,78115,16385,6234,8097,4910
592,119606,13509,5146,2314,1400
527,70647,26685,6488,4493,2250
2504,84607,10734,9081,9290,3795
1293,87410,20675,12946,8473,3659
1655,51996,29365,14826,8015,1952
4907,84921,27276,1209,6710,1743
188,113697,25080,5983,2222,2822
2759,76022,17693,8141,5583,2170
529,70148,28513,11118,6520,2527
434,97764,24380,5945,8872,2268
3513,38888,28621,8980,9668,4163
1805,118666,28711,4966,6431,2802
303,69159,12407,11069,2705,1669
4183,72197,16786,9818,1517,2932
438,114326,7542,11918,2220,886
2589,54474,22062,10650,3506,2930
833,47333,10366,3824,5325,3848
797,66355,27027,2250,6479,1905
560,103903,12410,5758,8436,623
3589,96258,14835,5363,4090,4497
762,61145,18647,3163,7497,3952
3575,105675,10541,10815,6168,4396
3786,79854,22218,2853,7993,2124
2515,97664,15433,1753,1973,1681
685,116153,15547,6448,6277,1227
4234,65285,14860,2868,9257,4384
578,47533,27410,14351,7092,4170
4806,62624,15745,1181,3906,1641
228,76996,29856,2513,1570,2875
2329,76947,29354,10094,1307,4531
2732,57956,11818,4344,4742,858
828,81030,19101,6238,9974,4242
431,88597,10028,12645,1765,3344
1064,72443,20798,8089,9964,2711
1710,95464,15954,12799,8814,1472
1235,33952,26087,7401,8735,860
302,86880,17770,14794,9036,3132
1421,82201,14438,3556,8596,3690
4629,72460,23156,11331,1539,2124
769,52796,23548,7098,8985,4428
1405,61746,12111,6280,3049,2256
444,116785,29767,5244,4283,740
3105,30015,24219,3164,5675,1475
4356,79757,24049,7601,2663,4818
3306,55957,11113,11804,7476,2813
1539,111541,7563,3021,4439,1805
3931,51292,20889,3821,9697,1287
1332,61876,13498,6938,8143,2928
70,90727,13131,7132,4247,1055
3436,77046,7696,11473,4500,2609
481,44817,26071,14686,2910,3149
4095,39759,28705,10762,1732,2059
3497,78432,28397,6969,4513,4735
2794,36412,12704,11164,5609,1863
2893,87757,26955,13178,5456,4459
1199,50504,28720,11436,4335,1089
2373,38507,21442,7168,9168,2249
1893,51050,14765,11634,8056,1040
1884,34820,22524,1713,3753,2922
798,37835,15002,8203,2372,790
18,43587,16390,4545,4376,2590
44,87732,16668,9414,9481,4435
155,81921,23946,1863,1063,4458
4963,75499,24236,5625,4945,4359
3449,36840,21244,6307,1329,1755
4839,95077,11641,2425,5858,507
4081,61440,5941,3304,2963,2157
1426,65183,17815,1653,4088,4928
4321,32389,11541,10351,1140,1756
4313,85076,20624,9129,5539,4450
3640,96299,14966,11034,3473,1539
4127,119461,28814,7734,6594,2616
1893,69023,6421,1443,4903,1184
898,80029,10765,11657,6364,4518
3425,69941,21819,8459,1449,2297
4541,118993,22223,5669,5446,2324
1259,83950,9001,6106,5694,4034
2016,116959,17647,5436,5806,562
4834,106054,10248,3857,1869,760
1703,95363,9959,10472,7079,4071
874,91742,23034,4039,8307,3692
566,75215,27212,12987,4659,1988
2019,77857,23645,12829,4602,1630
1886,85476,27278,12950,9584,4775
2124,58173,27662,9291,3448,854
4643,39395,8889,11278,8592,3274
2315,89768,28281,11502,3953,1088
4413,114743,6326,13437,6131,1104
3884,76229,10901,14944,2358,2728
3193,56639,8358,3737,9219,673
1860,92583,6585,7956,1387,853
25,58924,18500,14641,1832,3790
3504,102969,16560,6239,9441,933
4256,60104,27029,2607,5193,3452
1138,67594,21772,3953,2838,758
4996,33664,20818,13173,1891,1367
1190,40528,24175,6933,6588,3106
4799,58190,8332,12386,2305,4145
4097,96033,22087,13531,6283,1095
3158,91161,27218,5682,5548,893
2368,103177,7820,12284,5192,4931
4478,100179,20472,7333,7452,2610
1742,100592,29437,8392,9453,4364
3689,62899,9959,12154,3340,4639
3747,100979,22443,11854,2793,2700
898,47241,17366,10047,7394,4497
4024,76211,6301,7609,1324,4353
717,93472,15551,11338,8848,4254
3968,104248,29080,5925,9114,4870
4022,103757,25683,10578,7644,3929
3216,61346,27455,8250,5782,713
391,111196,9112,10908,4137,2626
3885,107124,29265,6783,4898,638
1700,72220,17763,13343,1835,4693
3038,47942,16774,10917,5154,4460
233,79167,29785,11145,3778,1163
1927,66373,21882,14333,7409,3332
3132,97143,13620,7723,5313,1573
3307,32016,12245,1184,6646,4522
2725,99110,16831,1521,8608,661
4802,76309,7105,14889,4721,2000
234,37274,14745,11503,8911,3678
1392,45748,26711,2248,2671,4990
2893,50175,10630,10850,1916,685
1256,41826,8206,14349,6588,2480
2539,113008,28521,2002,7496,4488
3691,64129,23953,7266,2836,1329
890,100009,7628,12419,3138,4019
4688,53490,15068,7444,5007,4011
746,71435,18394,12330,2905,3828
1720,105017,28148,11120,4989,3848
428,38520,6067,8017,4485,2985
732,113106,22890,9585,5797,1725
800,91877,24397,2617,3732,3344
4298,49798,20245,12833,8714,3233
836,84638,14859,1660,2321,4920
135,99072,11642,6524,4354,4496
2539,97309,20377,8616,8101,3170
3719,59894,9066,6250,5743,1998
41,92963,5947,13356,9951,2188
3368,84567,25773,8512,8014,2947
2416,65326,29527,7905,4412,1367
2041,85059,6171,1319,8825,4812
4340,35079,20831,11416,2357,3508
2950,55838,11114,9775,4481,4024
4262,117340,5171,4600,2766,2512
3467,77109,27066,6960,9219,739
3089,115211,17818,6279,8163,547
4824,55594,14335,9773,3470,4549
1116,72749,15051,12888,1159,3957
4579,66292,27240,2767,3892,3779
2591,104534,11209,10748,6326,3728
3574,109233,15380,2798,5113,1748
2979,81818,8577,13398,8749,1667
2448,43429,13380,10190,8798,3990
1231,87748,9076,9949,5999,2397
2667,78807,5157,1282,2570,4036
4976,37140,12777,7337,4405,2679
4926,93226,24101,6166,6527,2470
4855,44901,13437,8121,6848,3220
4259,118815,16095,8409,7817,2881
2595,58525,20279,6489,2627,2443
3431,50491,24179,5896,7143,3646
2918,98816,12200,1130,9396,3983
2953,64980,28912,2293,7558,4196
1996,38078,23761,7059,6272,3325
3892,119521,19847,7957,8881,2327
307,78704,14041,1060,9983,722
1363,46997,6810,3211,4747,2246
2103,109810,26574,10740,2607,1029
3031,30868,26816,13559,6074,633
333,56398,12895,10973,8153,4303
2753,111578,23510,7276,7733,4986
243,51246,11953,6363,1066,601
1885,50561,24414,9152,9000,4223
1433,46254,11323,8973,8645,3228
2551,64512,27131,14745,5158,3045
303,119532,10605,1037,1402,3058
4331,107395,10891,6990,8925,3541
3110,87865,8076,6438,5166,2500
2187,53580,23728,8677,3925,1448
4291,100959,5619,12823,3993,2068
1551,102144,16094,11856,1771,2553
1793,72485,7407,1473,8371,3505
647,80621,27644,1058,6713,693
4657,80665,17644,3636,9167,1241
713,100412,8004,3614,2556,4406
4509,80603,25298,11806,2151,3459
538,51038,15678,8296,6314,2763
235,44325,24980,5999,2217,3920
2397,65892,9039,13670,4944,3423
1505,31753,6304,10603,9039,3754
1375,47996,10630,9276,3042,3739
4512,98811,12282,10725,7303,4365
1910,104283,8307,4797,9897,537
916,75211,22745,3674,3669,2198
3959,92820,11665,12065,3113,4526
81,30824,9294,7436,3977,3713
2084,43880,6787,4120,5378,2283
2689,96617,6073,10282,8227,2466
1691,41517,27286,12026,7261,602
757,51683,8599,13416,1422,541
2671,46876,20389,3076,9722,3494
3752,86354,16345,14856,1090,3718
3553,103802,17318,4190,4372,3490
468,106719,21107,5787,7036,4788
1495,116602,8055,7056,2942,3869
1020,108413,27860,13420,4805,1561
902,39982,22043,8494,1097,3049
673,104504,11320,10400,2479,2176
439,56598,11513,4577,5626,4189
4223,44639,9642,5741,6147,4497
2077,100210,14321,7832,4647,825
445,99852,19432,3581,6443,1620
966,39695,27757,14900,1079,607
3791,78582,9466,4787,6577,3178
464,61094,26971,9707,3223,834
2199,90635,16458,8103,3569,2539
2288,52187,20879,11404,5518,1303
3766,31214,23855,12166,2123,2348
3177,53940,27559,1932,3623,1266
4009,74406,13284,2663,2403,4027
3505,73481,15758,9748,3578,2806
913,45977,22665,8914,1331,3329
497,74839,15991,10863,8485,1988
1464,87874,24561,10184,1739,4629
4254,88414,27051,10820,9233,4066
4268,55538,9511,10883,5980,2873
494,86241,15796,5852,4878,1336
1427,103501,8881,2104,2949,3809
1693,105133,20668,2270,4460,4112
1794,90481,7413,12094,3128,3291
2724,57740,6544,13936,5497,4712
659,93328,20729,10601,3154,4483
4762,102105,9784,4646,6230,4268
4463,80643,27145,6087,8444,2004
550,41881,29258,10522,2237,2950
643,66996,28345,5723,9697,3544
4351,62177,10626,3054,6240,2533
208,67177,9514,10145,5815,2199
2498,96126,6145,7658,1256,2780
4191,86531,14102,2842,2720,1807
1884,56119,16498,3802,8347,3027
2887,57915,10450,8735,8076,4338
478,32708,22950,9201,2071,1475
762,68749,24389,14884,2622,2556
190,74989,9507,11801,3066,2926
756,52106,18535,9313,9642,4174
1447,47131,9248,13974,1897,2928
4932,76553,18523,7105,6175,4233
1664,88144,29667,3560,9273,859
1836,36553,8992,4037,9928,2723
4229,47881,13522,9632,5174,984
4151,31379,13027,3749,6781,1928
4061,99306,27144,1590,4944,2580
4606,49726,16972,2368,7426,1195
4766,39088,20305,11181,6435,701
3613,64314,15793,2361,3935,4357
1690,85041,29429,9128,6833,1698
1317,46350,24361,4773,9088,1767
4830,111397,26731,14495,1461,3470
3187,109509,25673,3064,1116,573
4021,47769,5529,14694,6785,595
4355,77249,24276,3415,7507,4768
1146,112862,28827,3951,6830,3977
4395,76365,9734,14627,5561,2702
561,80185,18898,6616,9127,757
1913,32786,23909,8975,1659,4158
1865,31620,17985,11960,3122,4925
297,66303,25145,12608,2586,3306
2410,49589,27525,8101,5682,4756
2637,32882,18989,10768,7799,685
1462,92248,7742,6003,9826,642
4293,79322,9635,9306,7987,3853
2269,54524,9425,7243,8975,1139
995,39745,13661,7581,3882,4249
8,45861,8830,10560,6249,2574
2592,84261,28376,9330,3811,4468
2516,32837,5533,5923,6527,701
4416,104135,19250,7467,2884,3592
1418,111447,25946,5941,9813,3665
2317,84380,28504,12565,6073,3579
3933,116089,17247,7437,6416,2602
1288,79831,27947,7076,6800,1410
2845,119349,28673,6648,7895,2071
1119,68255,9087,9001,7315,3948
553,59520,13953,2315,5930,2659
661,59541,18293,1073,3365,4825
716,95772,14082,13038,1854,3044
3586,57350,7355,9675,3728,1829
3762,74397,6955,13303,1915,4113
2530,107085,7971,2549,8173,960
3971,93865,10539,2359,5938,1306
3408,85956,12493,2896,1131,4199
1459,57453,23056,7659,4593,2773
3268,92345,7836,6246,1293,558
855,42906,26311,7967,4685,2975
4761,44988,9939,7661,9016,1655
3538,57723,8644,13416,8762,997
1898,63800,23681,1510,7846,4825
273,69107,25445,9614,8584,4928
4088,57430,8166,3432,8310,4476
1273,62535,14511,2906,6356,2107
4375,98476,5183,13519,1286,1220
4020,117329,14475,10150,9641,1774
816,107798,24230,10016,7586,4367
4372,82284,16332,1064,6303,1190
923,86232,20173,5928,4116,4523
4738,74420,14988,5710,6874,4652
4601,67710,9722,12540,7970,3937
4868,102497,20194,7124,9148,2855
1265,70498,22166,8837,9444,1249
3725,61283,22891,1800,2235,3551
2788,96169,19072,7063,1999,4064
2723,102358,20976,9469,4760,2204
4224,92457,10855,7109,5116,3945
2551,55968,18294,10909,5411,4944
2950,92508,28922,11605,6557,2877
1674,93220,17046,7659,6352,3731
4588,115366,5676,2238,4683,2715
3093,35738,28634,7582,3261,1385
2839,33098,29197,5523,2853,1364
1667,103633,9090,6620,9791,3994
4512,108672,17498,2486,7895,3554
2196,68244,27107,5681,3990,1285
1385,38253,17777,12490,1862,956
4404,84333,24070,5470,5527,844
3955,80969,13382,6619,2219,1053
2900,100423,20006,12187,4795,1287
61,74411,14034,9284,1527,2319
3948,105028,13526,12723,8369,1204
2291,65421,29073,14888,3922,1452
473,31454,18930,8177,6849,1314
959,47522,6110,14201,2162,2048
533,68575,21962,6441,1846,643
494,33192,21445,2840,7959,3277
82,85268,5386,12719,4086,4266
4975,111311,23584,6397,4283,4325
2971,40402,17906,2621,4323,1716
12,108610,6683,2561,1445,2307
4545,110781,20033,6849,2025,4970
762,66527,20708,2416,2359,3239
3186,82181,11321,12156,9210,1789
26,57002,29440,5190,7113,1055
1807,111219,13678,6054,9752,1362
4158,42460,16924,2130,1471,2985
4325,60482,28798,10605,1027,2855
4703,46447,18565,4597,9751,1465
3660,78228,28027,12936,4236,2895
1526,113265,13732,3118,4948,975
761,80126,10631,1663,7172,1838
595,50545,29329,14256,2979,1024
1056,85114,15252,3634,5921,3071
1855,105350,29110,3774,3326,1061
3084,87801,17438,7194,3330,4202
3917,43890,10169,4969,8646,1705
3676,82482,11787,14454,2002,4533
2049,93397,25851,4490,7448,4347
1459,31740,10232,10763,7837,4701
1220,60121,29514,2523,7467,2738
4229,41218,27580,9053,8354,1660
4182,101591,25291,1987,3529,4325
1500,118241,9288,12430,2430,571
1831,64722,11734,8915,4912,1254
3396,79431,22464,7403,2532,4352
1204,81543,11240,6321,2892,1404
4271,72000,21581,4845,2421,551
2811,101975,12814,14496,9582,3121
3093,60921,15386,7301,6768,3690
3045,118747,12851,12885,3818,4448
4674,60614,6600,1098,6617,1787
3515,91189,28846,3288,2195,2272
1799,47601,11866,10706,7229,4402
2576,101543,8692,5297,6305,4420
145,50514,24467,9825,9077,1449
4858,113312,25373,8796,1842,3638
3927,97612,5332,8263,6200,2916
1378,46292,18709,14033,6921,2779
3147,61510,19109,13777,1294,1925
1826,58000,19847,9770,7097,2084
794,60383,19507,4959,7412,1546
1602,41785,14963,8385,9836,2665
4415,70910,11106,9464,7678,4523
1111,69028,12333,6338,6020,1676
4054,54855,21058,5881,6743,2660
4794,54281,11655,4954,1110,1531
3938,34841,10308,4927,9775,3788
3964,90155,25584,9644,5864,1815
4943,56918,24105,10367,2648,1392
783,86313,6064,5911,7381,606
1117,47443,14080,1413,3381,3580
1751,62250,16115,2550,1105,1244
2577,31922,11820,5526,6818,1121
4028,61976,13512,8141,1381,4740
3337,41991,8957,14182,5356,1320
4388,83744,23766,7571,6918,911
1488,52733,24615,2946,2316,613
3876,32473,12008,6203,6454,2946
3632,38108,21044,1191,5074,3846
4193,58715,22884,1040,5804,4719
3959,62210,19687,11051,1906,585
3398,67317,22952,6892,8621,4642
74,95516,27276,10524,1662,2072
1360,63362,24665,4449,7718,2505
1092,84604,14711,9327,9654,4579
4854,34889,25473,6909,1942,1303
1942,119557,23249,13393,9349,3834
3149,103748,14597,13806,7415,3849
4304,61971,26984,2941,4309,1569
1245,80551,20254,10757,2326,3169
1286,33201,27439,5221,3106,4641
4506,119882,21388,8524,5799,3271
3037,67958,19369,7543,9839,4682
771,109251,12959,7222,3938,1908
1844,35681,22552,9580,3483,4240
74,76870,23782,2558,2375,764
1661,112256,24014,3121,8856,4348
4350,97203,11608,2028,1244,3593
820,58152,5347,12726,3348,1973
3819,80061,27245,9273,1479,4781
332,87619,17412,6656,2935,825
1422,88235,15005,9967,6757,1706
3656,103740,24726,4038,1087,4992
4932,67890,11500,13565,9764,2004
1692,91401,7574,12079,1178,4034
4551,41217,25209,2878,1162,1940
4409,78351,25977,3271,3640,1455
228,63741,10272,2607,3348,1054
2882,50654,29628,4139,3421,3754
4954,91314,21532,1605,5298,4639
2866,31408,13694,5735,5142,2536
2576,72903,22253,12606,5503,1786
4523,114208,8521,4665,2217,1697
465,31218,25255,6852,3474,2767
278,80572,6300,6462,1929,4129
4115,88798,28979,3144,8958,3965
66,60105,17225,5270,9508,1271
4263,99634,16481,12957,2502,2956
403,95063,26217,9107,1420,970
3984,37619,17045,2376,6830,1870
4505,41939,28054,4462,5358,3632
3479,48226,23835,1347,2449,1171
3445,55322,9385,1000,6811,1674
4693,88215,19755,1062,9619,610
4420,46878,29914,2783,8871,4059
3040,36560,7824,13006,9588,1526
1438,68278,28238,9417,9987,4054
429,66212,10964,7566,1106,3733
2683,103079,22370,2042,5049,4939
2778,53946,29555,10036,9289,1972
3379,61740,24874,11872,2903,2879
393,37253,29460,13311,8649,3471
4542,109311,8767,2234,4570,2881
342,62813,18576,2984,6376,3790
133,94331,17268,13448,1042,2333
265,57632,23390,10470,7385,953
4189,78365,12925,2594,2577,1240
1686,97593,8107,7257,7065,2880
1435,63431,25852,11743,6885,2857
1661,67436,24714,2952,9576,1943
3818,48413,13722,2695,4577,4180
2355,68485,22307,1954,4238,2248
266,98232,27631,4291,6244,2901
4742,46101,29816,9548,3134,3671
1137,38831,23280,12787,4892,4740
4550,114583,12883,1968,5321,2506
4927,81897,24708,1241,6776,2286
1391,35004,18453,12638,6828,1909
1113,118241,22197,5234,4815,2262
2235,75924,26134,11336,1295,1409
2867,51509,12618,9338,1413,1260
3069,67170,5782,8349,6956,3740
2180,73555,19642,14368,7278,3189
4968,44662,25439,6161,7668,1030
635,95930,12789,9734,9195,1859
3632,77403,29583,9883,1177,4318
1400,66365,19002,2025,9937,2527
4787,92188,24523,13242,5354,3060
2740,106060,16981,13197,9843,2677
3171,56673,10007,4359,6914,2037
1866,93471,25435,6257,6482,1773
1956,47156,12575,6736,4271,3281
4678,87287,24574,8679,7687,1446
2219,31645,21184,3951,6392,1798
1390,89076,16294,9921,1289,3011
4880,105351,10637,8389,9994,2688
3131,80151,17770,13691,9425,1381
4277,97384,19542,3555,1407,2347
4115,63541,15908,2150,1693,2475
1250,102847,21962,2735,2169,4768
3167,117099,29522,8931,9623,3464
1246,110739,25866,2038,8782,3563
54,80955,17699,7369,4044,3628
2911,39290,6865,8127,6530,997
2397,88942,26873,3912,5992,2716
443,112667,6376,5840,4924,1488
4676,60143,19255,11732,7970,3108
3612,54509,18647,13606,4312,2975
4378,117780,10408,2242,5318,1870
2408,66741,13163,9964,2688,4088
823,56898,26442,11108,1467,3002
3703,115674,11283,9098,3422,678
2940,92948,6976,4412,8279,2429
4737,91768,11443,3499,5507,3048
1032,73262,18324,12632,5721,611
2017,35506,26143,14231,6371,3719
563,50605,12595,8160,8541,1214
2539,108590,9920,7110,2486,1901
341,58231,23271,4545,4749,3424
4568,109397,22375,2213,9059,1881
3776,107123,10228,12123,3503,3627
2297,43515,16748,1418,8855,3511
235,117211,20715,12973,8055,1708
1117,68622,19484,5960,1399,3625
1909,46600,29430,1788,5382,536
1418,57892,11450,2871,2539,2328
4920,113279,24988,13782,9428,3560
1292,99310,22467,14350,8185,3841
3489,51801,5020,3025,5910,4441
4728,67695,19717,7264,5509,1309
3655,58853,19580,3446,7051,3572
529,34429,15117,8429,7152,4618
3325,34606,14664,5823,9611,2026
1981,34478,6099,9752,5124,4019
2940,113816,28225,3651,3395,995
1330,70134,7637,14440,9852,924
1234,99963,13581,13096,4950,3247
1754,100897,12744,1539,1449,2565
2801,55475,24797,7499,1379,2482
2934,96177,12457,5755,8285,1968
2760,51730,15807,6959,3301,4300
2776,51113,22738,12328,8710,1733
3488,50011,11402,4289,6792,2297
3851,85746,9521,11802,9918,1064
2528,72853,26509,6546,8216,3519
4998,115195,21389,14104,5905,1804
891,66818,13382,11136,6999,632
2066,67321,29723,12337,9607,948
1189,51309,17692,3758,8122,2330
4298,48688,9353,6311,1599,2658
741,58176,20065,12452,8288,4126
1370,98879,24934,5107,8921,1349
1390,97592,19425,2895,2567,4462
2001,114728,18111,3500,2094,1980
1472,119012,13031,3829,7191,1400
1537,39416,25489,13065,2458,2039
319,69994,20510,1047,9046,2399
2265,96422,10083,3364,5934,3444
1895,38584,13816,11448,2354,3744
3712,48830,17317,6666,7473,1014
4820,115825,7175,13864,9404,2091
2823,107066,16341,7458,4894,583
4509,33591,26608,9945,9032,4242
1276,51395,22579,9177,3963,2627
3084,84182,7069,14347,4042,2101
401,46738,8358,8630,7973,1722
724,32631,23822,8931,8139,4829
2330,47905,13808,8058,7930,2342
1136,49056,9244,3802,2732,2791
2771,119082,24727,13841,8870,2089
4847,65447,6811,12844,6340,3396
268,84418,21555,9594,6111,4988
570,67190,25526,14418,4081,508
2557,56014,22009,3086,8802,1214
1974,102999,10906,7724,8527,2427
546,80278,12983,11419,5868,609
2823,31780,9063,7155,2529,765
4461,89258,15446,12602,2081,3723
4643,72192,13644,12182,8994,1454
271,89300,14610,13835,4531,1849
739,73923,13142,2149,1716,2074
1258,119196,5753,1062,7229,2723
59,32395,16564,14131,1204,4331
4182,45779,11851,4153,7784,3755
4859,101028,10104,10200,5094,1558
390,59722,28727,6938,6482,2457
719,37111,20190,11223,6740,3647
4245,39984,28310,10514,8219,3019
4679,102328,18421,11273,7154,4153
121,56924,28211,1751,5842,3070
2653,82703,16202,8776,9103,3427
2304,62577,16103,13336,3018,4387
4862,37711,14417,9849,6051,1387
2912,115548,13359,10852,9709,1244
800,34096,8685,1700,8835,4014
3381,96555,29661,10272,2438,3430
2107,119848,14869,11348,5086,3179
1110,105012,23366,2540,6127,675
1251,38254,9944,4032,3052,1065
2641,107120,29276,7167,8529,3717
1650,35965,20410,7364,8147,4857
1346,107000,20471,2983,5368,1894
2957,107975,14678,9506,5517,1720
2447,87987,29575,12273,3312,1447
4995,62963,13633,6796,6577,1084
3365,33273,13462,8648,9973,3362
485,45330,18888,8894,2244,2120
803,51494,21727,14305,3416,3855
1716,106422,21203,13925,7490,2849
1916,33212,8081,3314,7168,3691
3484,113441,28021,8959,6839,3707
1758,117594,14449,11327,9608,3076
1810,31080,20657,2649,9406,1031
3008,62675,7291,8700,8097,1731
3226,52007,6532,12411,6009,2493
3496,112641,9362,7900,2582,2197
2321,76815,23037,4800,9924,3870
1671,113482,21015,3478,8876,2045
4616,30639,9988,13259,3427,3665
1152,93593,11344,10967,6721,1937
4748,108038,13430,11158,9423,870
2224,33736,20693,8054,5930,1116
2668,46473,14106,7059,5353,4666
211,64019,6438,10959,8832,4514
2495,116623,24400,13007,6375,4679
4682,66820,19819,9433,1402,2756
4263,114861,14652,13989,7567,4854
2508,87589,29550,12141,5865,3810
2964,95807,11389,14028,9146,1431
3429,48414,27361,7209,1064,2829
3376,54220,8079,8115,3237,893
3956,90531,11295,14068,8770,2965
3706,72425,18703,3256,1172,3777
3406,39387,23642,13303,8935,2429
4039,106815,13558,4368,3675,1125
1053,57584,24375,14273,5005,3379
714,74783,8741,8387,7544,3666
2889,69809,18881,9558,9829,3922
688,84327,21469,3827,1948,2609
330,40857,20414,10444,2694,1665
1747,72261,19329,3487,5757,3281
1208,103588,23877,13977,7282,2391
2143,46995,21382,4603,1142,3682
785,43580,27831,4521,7001,2139
2697,48240,13323,14347,7652,1281
3821,113446,12588,14134,5581,2556
3719,105752,5903,5517,6087,2823
2694,76111,16648,2643,2460,2774
626,64866,26467,2212,4887,2733
4235,110974,27574,8345,9484,3138
3709,103401,14955,5703,1837,3787
762,112093,7804,6434,6846,2980
3980,42211,22610,1019,9463,3116
3530,88985,6284,1675,3369,855
1556,63268,5689,5477,9997,4987
3634,33646,26527,1608,4174,3846
676,85371,9782,7286,6985,4022
4188,72816,26265,1061,1882,2967
37,119460,9507,10457,4171,663
3837,74112,6996,11477,3040,4134
1788,81048,25765,2154,7732,4163
2728,84911,29064,10820,7372,3754
3881,105446,21813,10818,6985,3881
1895,31778,27084,4716,8562,2564
137,75752,25165,6242,6900,4765
3077,114977,13631,6559,8965,4484
3884,100726,26852,6022,6316,4387
662,110840,9507,7485,9465,839
1811,57289,5527,2442,1589,4281
415,74788,7996,2653,9774,4090
343,34747,8467,3502,6063,2433
2730,104822,22745,4269,4633,2145
3451,30045,28201,1281,2990,4728
3666,37758,19772,14173,7515,3187
3738,53437,5703,10216,2258,2626
3898,49585,5662,14010,3866,4941
4242,39854,29940,4403,4738,1138
4419,82076,14114,2235,1571,1724
2170,86950,11256,13374,9736,4205
1879,47349,13367,5760,5222,4410
3971,51348,18460,14149,1637,4745
4697,64296,10297,7940,9232,2049
4571,49455,13573,1785,5882,4645
2618,108824,20582,14864,5392,2005
1516,84021,10378,12509,4672,4930
575,101923,18500,10859,8257,1875
4443,69293,5305,12200,5711,1167
2868,118552,26881,4194,6643,2874
3545,76116,9697,5789,1159,4590
4478,70484,23774,4775,6938,1515
72,60215,12222,11638,1580,835
2569,111638,12933,12982,9411,580
3438,33404,22849,6350,8586,2634
2981,67260,29236,1533,5474,2299
1118,95642,16463,9593,8073,757
2387,110731,5402,4663,6059,684
3509,76009,17901,1129,5328,622
1360,59605,11940,11531,2394,4014
4760,83205,21022,13563,1921,1894
1516,67569,24054,3959,3773,2852
40,35580,13095,2858,5462,3719
1383,35400,15842,12165,5576,1808
2031,69643,29752,13342,4434,4444
2622,116173,9544,4649,7733,2441
1901,69015,27044,11978,2865,990
2218,101713,11074,4097,1724,1554
4797,102805,23732,4512,1711,1201
4607,44974,11850,5860,8710,3434
1284,44037,25786,10412,6080,1634
584,114292,5750,9833,1390,579
459,46167,25446,12506,5487,1335
2266,118754,28818,1723,9116,1151
2667,73148,29789,14501,7747,916
816,102153,6617,14089,7066,4180
2512,51534,7530,1737,5494,4366
247,116078,8333,14045,4572,1245
4826,86879,12234,14879,8769,2502
417,95839,27152,2299,3311,739
4464,59756,29091,4480,7773,3393
3718,42683,5511,1339,7905,2444
108,79485,19546,1152,4642,1355
2632,41025,10082,6684,7338,4015
839,116426,28244,10613,3609,3146
4514,48715,21636,14755,7240,3694
4917,100097,25517,4051,8806,3098
1422,117116,13820,1426,1757,1853
4779,105705,8476,8146,6086,2535
3913,47116,14178,9125,7220,3380
256,66744,6725,12750,6602,1179
2828,117579,23477,7347,7121,986
838,32124,18765,10327,9956,4120
2963,68051,6701,3372,3725,4150
2283,37176,13496,9126,4368,1938
553,94818,27218,12521,4497,4814
181,48676,17270,1949,9174,1984
4253,75177,15472,8695,6642,1190
1478,30997,25724,2373,9774,1512
571,89330,7807,8082,5766,2847
4953,73769,20654,10148,5633,4208
1728,108653,16078,10893,2821,4970
592,41231,27685,12133,2185,2422
4517,102976,12572,3482,2637,1137
2261,115447,22408,8593,8236,3508
2948,85965,24359,10495,9380,2733
348,111144,13698,1370,2746,2625
166,91517,9856,8837,6797,3957
4444,57387,11724,12172,9089,4789
2897,34090,14245,3296,3620,3674
4494,54945,15866,8034,8597,4188
583,70239,23951,7324,9002,1899
3507,33743,15096,13990,7107,2834
4404,60924,9587,8142,3793,2005
3039,40196,9922,14962,3500,749
2846,98860,10046,11317,9361,1035
2767,71400,24278,12158,5925,4032
4195,115177,12203,8028,2080,4049
1266,110399,28862,7479,5864,957
4254,78795,20403,5145,5453,3238
4650,81553,26658,11934,3248,3869
4747,54111,14828,14280,2325,4635
2968,93083,20797,5021,4873,4196
2275,91600,24997,3364,2688,3911
2471,80022,5038,6230,3985,4569
2291,33199,24468,14645,3076,3887
2578,80897,11265,6970,2461,3685
3661,68038,11598,9954,1072,3738
1069,85038,7415,8300,7030,760
2737,37897,22142,7755,5611,1747
4830,94541,25726,13254,3796,3833
1951,44892,28450,2004,8717,3822
92,38271,24500,8057,5516,3073
3094,54815,22148,4755,3493,625
2220,75612,19306,3846,5231,1729
1388,63357,25413,7262,4576,3711
4275,105088,19577,9541,9100,3633
2286,46267,16885,3964,6728,1806
3207,48268,16377,9878,1032,2601
2925,44263,16058,5637,5373,635
280,100935,27829,12318,4598,2877
1619,89660,12443,13648,3392,1959
2788,95527,22701,3755,7705,4731
371,93379,22084,12716,7790,1312
3184,71271,28911,4624,3677,1351
3835,96612,9383,3732,2401,2244
1704,37235,6593,7473,1817,2438
2269,118757,19758,7351,7203,1370
304,46417,25529,2693,5562,1134
3775,64609,28091,12084,5723,1168
1349,63902,28381,13003,3438,1793
2423,53645,12026,13372,7828,3588
3629,92873,7612,1684,2210,768
2429,117218,16329,13532,7641,1360
3034,94558,28783,3919,1599,981
669,92233,6908,8166,6480,3790
500,53401,11954,4756,2846,3890
1415,37771,20185,6454,7592,1761
530,71335,23174,4283,8861,2832
3622,104451,29552,5691,2887,602
3457,109434,20496,7828,1679,4294
755,97449,7928,8350,4252,4834
2348,31942,14280,13218,2835,3192
4911,50388,12681,2156,3177,4171
727,113251,26635,4061,9142,1381
4827,87042,9127,8157,1148,2735
4924,83740,9963,6919,2495,3534
2650,95873,16761,6893,2744,3077
2047,77024,18554,5445,2646,1175
2816,53450,26695,11521,3995,2939
875,86965,14357,7436,7643,2181
3280,40057,23409,2292,8378,1776
2985,38983,29199,11076,9849,3747
2179,49995,5987,10752,4667,4148
3808,107681,26694,10175,1576,1812
608,68886,6965,8902,5779,1573
635,119025,12316,3067,9187,4599
4580,32673,19046,11055,3972,2154
2728,64890,5868,2979,8756,4247
1075,107513,23447,2736,4948,4588
1915,53466,22513,11644,7544,2393
589,80406,9378,14426,3045,1785
3232,33688,20463,2918,2627,1034
2305,99284,26538,1700,2488,3947
3839,43665,27640,5046,4563,1879
1974,50641,27835,3073,2802,1145
2056,62500,23318,5661,4591,523
3481,65797,18246,12945,4520,4951
2080,114766,6076,1394,6896,4624
3053,75950,26584,11148,8643,864
4483,55046,23023,4048,8041,3155
1252,39638,20169,4452,4311,908
3796,116363,11385,1522,3305,1814
3823,51173,13222,10754,8875,718
4303,43222,29380,12101,2967,2039
3390,80064,22087,14394,9009,3933
1781,67010,10480,12041,6462,2102
2605,48095,29808,9741,7897,3204
3689,31439,12777,2468,4458,4148
4889,115550,10362,7230,9585,1605
1725,35375,5950,9116,5778,3911
2785,119023,13250,10024,4730,2988
3720,50600,7818,13674,5365,1116
1678,32466,8600,14250,8547,4821
449,75097,16341,7811,1027,2918
4688,83276,20053,2421,4491,527
82,80117,29877,8987,7423,3555
1407,76971,29229,1285,6301,515
1481,36928,24328,3745,7160,3848
1080,118016,19333,12957,2173,832
3599,85309,11255,8108,1338,2661
4515,104647,28964,5464,1841,2585
4184,70888,29892,2445,1293,4453
3681,73832,26648,6837,7558,3289
2704,39404,15907,2466,2647,4761
4311,63639,21007,10968,5898,2752
3757,108118,19241,14831,5526,744
1759,90598,17090,8167,6614,2394
2600,96399,17305,12847,4801,1856
2551,57684,28902,10106,9280,1442
3854,98591,29506,9479,8376,3967
2747,107722,22562,13382,1899,3692
2293,32682,25239,11280,4477,2245
1502,68046,18065,5426,2744,2857
4405,51832,17647,6932,7096,4379
231,46997,13523,10996,3253,4277
4251,64640,11037,2178,2633,2615
1199,106882,5527,3551,8001,2767
115,70491,23443,5370,8020,2767
1414,93043,14290,10780,9149,1996
4407,102725,5211,7322,5701,3296
993,75520,23098,11148,7735,4981
2348,92919,24072,10967,2013,1429
1042,94442,15522,5862,4299,3824
12,51770,24650,10179,2506,856
3677,77498,20115,6855,5803,4810
4826,91477,10149,2203,1977,4564
3066,30244,14224,8349,2817,4341
2037,62788,22716,12522,5901,4430
3047,109453,18621,7386,7798,1326
2351,87737,11820,2119,1473,1165
541,76489,19761,9388,1567,2528
2861,101303,15032,4975,8966,4191
77,58390,27275,9717,3258,3082
3068,40247,26070,13919,9120,1053
24,99051,19002,10602,5310,827
676,89719,15330,13695,2982,1688
2395,64678,17743,2292,2096,649
4268,117802,25475,10386,7610,3353
3399,106286,21827,11140,4570,2436
2760,59583,22310,4655,7497,4888
489,38076,27630,5786,4646,3236
1486,48006,22006,3217,3419,1456
3660,45051,14671,13446,5279,3748
3236,34314,24421,12772,1673,915
2420,58670,16577,7590,3802,3954
3496,97551,21617,14977,8312,3145
757,40236,24075,2017,3369,4274
2525,65568,15222,12345,5530,584
4251,90314,28786,6176,2066,2435
257,46352,5386,4590,6432,1916
1780,75650,6634,13399,9073,1570
4770,40346,13110,13261,1687,3912
2116,55156,9133,9239,1068,2021
3349,85904,14376,12855,7774,2001
4769,44035,10581,13663,1419,4591
1473,46108,6967,10019,7891,2973
259,32853,26952,7176,6593,1235
4076,114156,28668,7647,7104,3338
307,34176,29816,5722,4892,3062
1119,55920,26529,7015,1439,4406
3018,84850,10767,6122,2208,1772
4342,36829,13753,8683,3563,2362
2781,103927,23383,3089,8466,4726
1659,114860,9901,3056,2253,2263
187,70667,15121,10010,4209,4918
1798,95842,19633,13944,4549,1322
925,65843,24163,13176,1614,1042
785,80808,15707,4680,4078,3265
3445,60543,27576,11003,4490,2578
3197,102780,23061,5885,4543,1384
1361,36611,17333,14747,9102,4786
341,118242,16938,4114,2900,4149
563,114612,16548,14442,6680,4071
4747,76902,20115,8383,7751,4433
3000,63043,14843,2629,6862,4166
1194,35271,9177,2543,2712,2221
3111,102867,12211,8512,3329,874
69,107089,12873,12771,2194,1057
2429,88745,8841,6769,7781,1780
3599,92077,28482,2904,9162,3923
2373,89119,11416,2436,5906,1628
4557,41573,15633,6031,2378,1860
844,51409,9885,4317,1749,4097
574,115970,5594,12712,6292,1600
4215,54464,19393,12251,1300,2034
2597,72840,7612,5116,5695,3125
4742,78785,17288,10190,5624,4627
1479,50662,27743,10623,4837,2131
2074,48228,22880,5552,1277,557
1514,90721,24939,6563,4917,1627
969,79223,9861,7123,8307,811
2197,37386,9766,4061,3161,4217
1512,36862,8358,9089,2389,2501
655,70108,19846,9456,9882,3237
2993,105023,5914,4731,5732,4377
4651,110140,23228,7327,4468,2782
4521,112963,6995,11466,7141,3683
293,57201,29009,13067,6969,1931
2602,98578,5094,4317,4816,3625
4527,79966,13684,3046,6037,4834
4413,84774,20100,4144,6994,2275
4494,40386,24453,4221,3451,1818
1589,107228,5149,12332,1024,4707
596,45225,22430,6064,6962,3659
2594,46693,7803,14092,3556,1828
2124,102197,26718,10445,8632,4885
1944,73021,29974,1722,1060,4474
916,48261,19466,14383,8675,4965
3870,57378,25860,14289,1122,719
2795,116755,12276,8775,6616,3802
3079,41937,5551,8564,2186,3366
976,96330,20480,9275,6158,2396
1076,77366,13486,5835,8864,4944
2990,102322,22527,12562,5089,2802
3468,70160,21839,4819,3472,4684
1452,75313,14745,4364,8450,4226
3824,57032,13360,10949,3964,2542
3933,47358,17997,7089,9104,1022
2029,91710,23330,5318,2310,3207
363,116157,27499,7936,9346,3498
2430,78821,12310,3780,3212,4421
3633,58365,27564,12479,7792,1409
2319,43189,10817,8398,9703,4633
3086,106749,26764,3452,9378,2380
2346,37248,27758,6288,2845,3779
3599,34369,29829,9520,8660,4805
4330,93763,15568,1425,2702,3060
1732,38050,13070,14865,1390,3572
27,58605,6320,9961,1654,4326
93,79616,28507,14507,6835,4976
2665,84479,11153,4975,5271,3375
309,110934,11589,9799,9955,3406
52,70883,20589,11044,4400,4989
319,63055,8607,7669,6319,4991
1993,98731,15317,11864,7732,1044
4277,37450,15432,3124,7674,3597
3892,32925,5400,2300,2085,4125
4743,110051,27426,6015,6446,4005
3957,80272,21746,9657,5376,1584
2693,35310,8851,2964,2963,1052
3019,61817,24796,6567,6177,1653
2025,74528,15498,11137,5572,4438
4432,85779,5084,6279,8543,2745
1526,114816,6824,11731,9907,2186
1279,112641,17077,3360,1242,1193
514,114083,20930,14942,7510,4290
4338,106310,29883,3039,4915,997
1734,45457,17549,2184,1837,2595
3371,72311,15113,4934,4323,1112
3922,33980,20132,12409,3953,4467
2501,50886,13822,6794,2432,875
3465,107112,26159,9172,7854,1305
2260,80877,29252,11974,8655,1420
4764,66181,29003,1777,9431,4104
4690,63262,12418,4379,9330,1943
2660,30947,7371,3418,9611,2045
256,30022,12068,5077,1303,1710
1503,31128,24684,13454,3162,2580
4657,109522,27205,3439,7486,2648
2111,62322,29187,8804,5102,2008
407,78929,16859,14023,7874,1413
2850,111696,12464,14212,2168,3280
3177,39808,22110,6269,1415,889
1861,82882,18548,6587,6243,4549
4355,51725,12121,2989,1149,4755
723,102534,14840,8868,7524,4125
1283,69950,9312,10258,6899,1570
614,118954,13000,1944,1838,3070
3332,113576,14461,9220,7144,4237
3117,50557,25927,2897,8466,3279
1979,51825,29398,6751,2320,838
813,38998,5318,6150,2523,2476
1787,66080,20329,2697,6234,3936
331,87797,20791,12006,7144,1294
2213,45802,24859,12557,1552,2222
1217,41167,19372,11680,4756,3719
4483,72407,20935,14699,4671,1398
3338,43338,20701,6885,1481,602
2376,106289,16250,2665,1599,3359
1241,101520,26537,13811,8677,4688
320,48895,25518,10762,2982,1947
4495,77910,6602,10925,2634,4714
1915,95898,23640,9951,8830,2532
4201,33454,14047,11349,3997,4532
4792,116540,28703,10543,1686,3560
330,90797,20234,12668,6529,2034
660,113137,12532,10460,2759,3347
3689,80637,12366,2785,8023,3709
3119,35349,7648,13141,7208,3963
4917,69963,11903,6948,8234,934
1973,105583,23242,3607,3480,1757
1794,37750,22486,9590,8476,554
3219,52463,18788,3630,8770,1430
4558,104935,7481,11638,1114,3299
2534,88792,6820,8660,1568,811
2458,43686,15271,10861,8951,1456
3101,93528,24542,1238,3689,4583
4367,52787,8684,4536,5590,3012
2734,44776,28795,14891,4340,1763
4481,87427,8651,4861,3988,3247
4156,91086,15431,12295,4151,3282
220,93308,15131,10338,4015,1593
2819,45797,29091,10749,7345,3286
1907,35302,29845,12930,4574,3315
2612,93172,29491,11349,8838,4263
2594,68059,28265,14582,2608,4535
96,30908,27604,12643,1559,2823
989,90252,9830,9491,7621,732
1113,110659,26363,12890,8126,2601
2279,42877,12334,13245,6565,4852
246,44239,19619,8899,5435,2528
2159,116971,25159,8145,6650,2429
4330,57313,14304,6861,9803,1958
3350,72103,19879,14051,2881,2148
2726,78408,22032,1248,5169,907
4078,113251,19585,11760,4863,3840
4899,118771,5016,13321,8436,2477
2667,40534,13308,5323,4708,2913
3200,73060,11476,13872,2709,2260
2755,47189,10942,8101,8860,4097
1418,116067,22929,3860,2692,1878
655,40967,7693,1723,1125,1120
2443,111991,28983,1569,2199,1429
111,95563,20562,9411,7092,1474
90,38660,25473,10586,3711,4987
763,69823,11259,3834,7228,4947
3173,85842,26442,8928,6995,3353
2180,39616,20579,7671,9182,2189
2505,105976,14468,3122,6502,1225
1465,78738,24624,14929,6760,661
98,43107,9942,13423,6582,1158
293,91404,19651,5000,3498,3397
1840,45954,8788,13541,3565,4599
1735,46943,28337,4089,7989,3042
2620,70725,5371,8165,5790,2078
4748,75434,28404,8210,6024,4494
2197,115751,12120,1049,9307,1574
3467,40110,10702,1514,2031,3705
1907,117091,13347,11983,2241,4544
1722,46462,7661,11970,2742,3933
3692,109232,28564,11810,6709,1377
1817,84081,11651,11029,6999,1591
253,82799,9878,5671,5090,3559
4228,96567,18091,8749,9160,2174
3520,119301,9315,2165,7883,2108
1908,81224,27542,14190,6129,3326
1911,86063,14965,11441,5403,1717
2522,85240,13308,1414,7577,3552
3850,111352,11474,11460,5897,813
1059,47868,6374,2104,1163,1229
3539,105973,16395,5858,4310,4539
2323,110989,12393,13850,4388,883
187,52222,9403,4356,1995,2312
949,109794,8546,3416,7161,2824
2291,93924,8977,6611,2877,3929
4360,108513,14388,11126,9103,3245
4618,84649,24795,6465,4264,2364
4879,113749,13988,9395,2348,3791
4631,40223,8892,8192,3251,727
210,78166,28708,6672,8290,2564
2094,69369,29726,9260,9018,511
3539,116379,19008,9707,7590,2022
1564,99392,8249,4563,8658,1191
26,89526,5111,7383,1432,4205
175,42661,22066,13648,6743,2239
1335,45591,22545,10656,6247,2025
322,101718,12400,14342,8715,569
4151,85235,7379,10844,4817,2748
4048,37970,18180,9898,2070,3623
3228,77922,26810,10817,5600,3830
1873,60755,13352,7833,9306,1787
2068,49416,22809,5752,1994,1075
333,43672,25045,9123,5318,2672
2992,113468,13469,4785,5731,1244
911,76996,14748,10537,7068,3027
4497,104095,28424,9535,8670,3573
950,30064,25976,12978,5767,4710
2076,98835,28914,9727,1957,1524
2515,100385,15107,9546,9287,1441
3332,35639,17942,12734,3154,1267
3030,41055,24491,6023,1631,2938
101,89220,21686,1982,7045,1333
4647,117594,9533,2345,1697,2690
2401,59427,24157,6691,1031,1127
3372,112516,28583,7002,7209,876
2344,94666,9281,12201,5874,4386
353,94274,9768,1526,6562,589
2956,40866,22384,7647,9740,3355
1019,33889,17198,8252,3248,1565
1180,78226,23102,1930,7192,1558
3537,61335,12169,11948,7406,3559
3651,80547,12361,3282,2156,4572
2503,56162,8830,2946,9535,3100
3820,119449,28538,13119,6295,4719
980,54687,26404,14574,7154,2604
4835,40995,7882,11733,3248,3353
977,86488,5998,11108,4285,3155
1372,32631,20942,4360,3003,2015
2281,64954,21668,10785,4615,3517
4577,35967,21246,9112,4672,4647
108,118294,29996,3925,8458,2073
973,117278,23544,4625,3155,3036
1627,94471,8065,6469,4479,4426
704,67116,15467,2223,1051,2552
875,64227,22878,11151,3159,4296
3810,31942,17076,8110,5390,1131
2412,77664,26007,10157,4651,2361
2108,58069,7543,14251,8356,4452
3554,117342,15033,5992,3112,1732
1274,44407,26184,14646,6765,2764
560,89201,6401,12870,2354,2547
117,110093,21829,13504,6620,1035
4970,84348,9522,9814,4754,4033
3047,111981,25151,13640,1209,3597
44,47878,7551,5787,7232,1775
509,113100,27030,7818,8846,3573
3440,108629,25272,5726,7171,1525
3929,85420,9816,3372,1237,2551
4945,73168,24115,12140,9527,4121
917,84862,12699,4299,9075,700
2946,119622,7629,10360,2576,4903
799,112025,12687,7451,9691,3823
4972,58004,15156,13941,9982,3858
1761,50471,22441,9583,4540,3471
2334,90167,11834,4809,8257,1085
3276,113828,23179,3407,1149,3845
819,95308,9849,5864,2624,4354
2169,113969,20782,14084,8661,3924
3736,44568,20827,6027,3574,4600
3066,39466,29599,5260,5428,859
3260,87324,14431,5828,8529,4169
907,45467,9150,9772,5269,4809
4109,105955,16289,10012,8769,3977
603,82948,14496,10439,3108,3312
4296,46676,28331,9315,4947,544
2634,61514,11470,13631,8899,3250
1792,52650,18257,2874,5914,1133
3528,118290,28563,9715,7667,1710
4544,107701,8712,4123,3263,2249
1812,40683,17721,5224,4815,3741
3912,89819,17495,6254,1577,3268
841,110978,17420,4198,1422,1093
3143,34860,26842,11977,3763,1924
4686,33729,10315,8082,2229,2426
2091,61351,10381,11310,4176,1356
4616,92744,14497,2210,9945,1051
1037,54346,24558,10218,1687,4638
725,104155,18494,6404,1722,3388
988,106700,27771,5117,1746,4774
803,36955,28151,13453,5337,1980
2583,95642,21950,6429,3712,1106
3838,100290,20752,14788,1707,1171
527,74293,9622,9689,9626,3815
1666,91336,9132,13721,1483,516
1139,51662,13830,11997,2533,3373
460,36408,11995,14124,1169,3094
2553,70403,25551,10885,2020,2984
4421,31225,7670,5758,8093,1115
4675,42196,14364,9182,7466,3705
2809,99786,29680,9916,1847,3349
2899,45372,23066,1375,9887,4907
3244,47279,15041,8413,4346,4307
4069,84240,14054,5398,5013,2572
2332,68187,16637,11644,9078,1024
4571,78481,15757,4859,1031,3673
3686,58475,13490,2686,9368,1973
632,74552,17329,13995,8877,2925
4799,97969,5770,6012,7170,3774
2457,106534,8854,1256,8830,3838
982,36858,8118,13686,3315,2507
4655,104486,23516,4600,1065,2912
4318,104474,14901,1050,2928,2651
1557,55168,28609,7590,6011,3682
2206,62099,22374,8437,8533,927
4444,101180,22094,1594,7225,1514
4985,91455,25688,14105,6447,2104
3956,84240,26751,5731,1584,1369
922,104796,18522,4873,7470,3227
405,84592,5038,12628,7685,3352
4773,77458,22659,10264,6244,1385
4685,88046,21002,6748,9154,3108
1621,46488,28453,6237,8951,1773
2953,88841,9857,2476,2748,4926
3119,30395,21312,5870,8670,2455
1595,82669,6436,9032,3204,1086
566,40845,23483,4020,2892,700
4800,66059,29949,7066,8018,4117
2869,48394,12693,9053,4093,1325
858,75906,18218,10856,1973,610
1285,89332,9251,13684,5024,3411
585,67305,25409,11922,7615,4399
4328,72628,14305,10587,5329,1407
1246,51352,15590,9066,7715,4215
52,116682,27596,13089,2477,4189
2164,112971,24618,14408,6689,1054
538,81993,12662,9167,9962,2403
541,69386,28934,13816,8329,606
815,86624,8123,5780,7444,3836
1416,87065,22037,5045,9497,3034
2839,115504,9158,11852,1001,2726
1653,38539,13700,3233,9462,3793
2666,31263,15531,9117,7843,1893
4515,43305,14879,12514,6972,3184
4063,83817,10543,7359,8903,3335
2357,54398,18980,5197,6105,666
3811,105801,20156,13410,8702,3210
864,79107,14580,11293,3914,4124
186,62152,23581,10498,6156,2847
4357,60624,8911,10829,9298,1904
1552,86132,18582,10332,4168,2025
2208,82979,16120,1615,3599,4909
762,88013,10235,13844,6716,3274
4320,93797,9799,13401,3235,1325
1280,81798,19225,2566,3799,1624
4276,46650,26744,10168,8013,1068
4728,56014,29605,13988,6473,2458
3695,106421,21709,10508,1018,4239
3282,37434,8766,3339,1858,2609
1537,60028,9111,13548,6380,4964
3165,96558,29686,9109,4032,4689
2771,54331,12015,8374,5505,4594
1964,97573,11856,7707,6789,3430
3846,104292,21490,11288,3531,1263
3436,76326,7426,14317,8471,3860
4711,112979,19497,1378,5719,3950
562,34123,25762,4465,5863,2647
2422,46603,25748,7005,5038,3895
4718,95941,23915,3271,3452,4924
2136,72597,28194,10238,3846,4219
2062,93238,16336,2007,9064,720
2181,114238,10316,7800,7622,2361
1961,72719,10362,1109,9896,3114
3880,71751,9693,3771,4462,1521
3280,116978,13990,4883,2159,609
3885,47693,20133,3600,5626,4744
3271,119541,26652,6518,8056,4348
4688,67697,19178,4243,4722,1198
583,59992,15629,2005,4560,607
1614,93825,23395,13985,7117,888
1102,39522,19751,1305,7589,924
289,75406,5425,6701,7849,2994
3860,42121,8044,1958,3243,3465
3061,44219,16480,10145,9177,3203
2927,31617,16106,6270,2760,2499
4103,73016,11229,8595,6442,4075
1184,80672,6239,11860,8679,2027
4336,54276,11566,4538,3675,4553
1447,102240,24775,11869,8124,2526
1750,85735,9213,8020,6781,2868
1904,47959,25381,2630,4236,3266
3176,58522,8006,10983,6898,2355
1078,86087,12025,3603,9235,946
2378,39953,24423,11163,9680,2097
848,56567,11558,9258,5276,709
2877,90523,6184,14467,5723,1348
1240,92708,23968,10026,6644,2151
1333,52560,19430,1205,2115,2416
3507,88390,13102,12025,2781,4029
2380,98149,18869,13442,9842,2418
4792,66660,12116,10906,2876,1076
4123,75104,17937,10724,6363,1188
3238,87805,9383,6691,9532,1289
2366,54496,25320,7141,4375,1855
2413,113301,23083,4145,3750,2187
3175,33515,9507,4120,4276,849
373,34454,19735,14778,1448,3217
1950,52873,21519,7728,6537,4039
245,103920,7025,9899,5172,4922
1841,43727,24919,7030,9989,1629
3428,99070,9854,1178,4496,4850
125,79979,10367,6167,3182,4708
4633,55465,7890,14383,4326,1490
2754,83900,24141,1112,9837,2373
1920,89799,8773,9948,1719,4641
1636,51330,29956,10088,2522,1876
1426,38302,28036,12060,7756,1726
1541,108443,20819,9350,7627,1063
531,119966,6528,9977,2069,3387
4350,102717,25955,2803,6562,1840
3104,42875,16820,11031,8749,4237
4757,57219,10049,12360,5887,1937
1802,66182,5848,3298,5674,594
1037,110541,25511,13270,3156,3796
3729,72269,15119,2542,8944,1448
4012,109781,15357,8259,5139,3192
3464,36457,21167,13400,6629,4661
1143,36749,28735,13546,8087,3781
1756,63064,17478,3154,6078,1997
4841,39821,27250,9766,7405,3231
1630,108655,27253,12230,7871,3243
763,37664,7121,2381,1632,4775
4890,59281,17910,6902,3199,3381
4840,61821,9681,2222,6353,701
3958,54647,19755,11666,3910,1998
558,99918,5472,2501,1622,3586
4622,111985,23171,10050,7073,3613
840,112799,5113,4574,1360,3090
3,104944,18690,4729,7365,2448
1052,119142,11473,12157,9401,4104
1405,57603,13530,8740,4943,4463
157,76458,23669,4191,5869,1193
1938,100605,6196,10788,9128,2219
511,49623,21462,8476,1877,4433
3405,74440,25943,2561,5795,4232
4783,112427,11017,3522,8791,3159
1138,37704,7652,11791,3523,2221
3915,57460,25702,3391,7270,4551
3322,113045,15832,3675,9583,2791
4667,112805,10385,3183,7623,4699
715,103511,19708,9468,6088,3198
2287,36565,28438,13074,8564,3874
2655,118003,22211,12796,8066,1510
991,34870,19571,9066,7545,1541
4430,48909,26307,3078,3321,2057
2161,39117,16002,5342,9149,1707
4458,97474,8385,13698,9125,2180
2145,74322,27440,13269,9330,4121
2064,50128,6965,13360,9294,3852
2604,99001,7427,2120,6333,2178
1978,30440,7841,13960,9675,4096
376,90955,11563,14657,8858,3245
742,79613,19387,11715,5319,4045
4486,100949,10840,6419,6389,3493
2668,41663,20154,4370,2848,1280
1241,49547,29194,13574,4205,1445
3471,111662,19093,2908,3161,3928
4920,30005,27448,4520,2464,3598
2368,37038,28528,5307,1643,1047
2244,36414,9352,5496,6351,2707
3550,117659,5184,5750,5553,3484
418,99506,15384,12297,7518,3090
607,106586,19319,1497,6723,2674
568,32606,27193,7991,8946,2297
544,46482,25449,4587,1610,2380
884,101873,28565,14639,5302,3556
4799,63948,13437,13385,2543,2757
1224,119987,15426,3413,2466,2697
2894,50875,12504,4800,7236,530
2069,43057,28810,9654,2181,1111
3710,62400,23471,7171,3146,4897
1787,101458,5600,11952,3272,3510
1458,98607,12804,4457,5536,3412
1915,117561,18249,9464,1719,4302
78,57503,10537,7969,5680,3312
3614,53765,24417,2150,4472,1182
1309,76612,23440,8454,4642,756
648,114335,19685,6207,1063,1439
2188,111748,13724,12581,1559,3394
553,39428,10084,1018,8446,3685
282,61419,7042,10808,2733,1276
1282,95195,29344,4178,9861,3232
1847,103695,21741,6577,4894,1231
2488,119846,21761,5081,2542,2542
2794,69142,18336,7454,3415,1469
3712,101540,25872,9603,7090,602
4200,68289,18414,9933,6217,1583
4862,106948,9797,3671,6387,3570
2777,88951,8307,11971,6179,4248
1597,41755,18721,7387,9187,871
480,114553,7596,7833,7643,1178
3313,33890,22167,3624,8660,701
3219,47175,27308,6499,3458,588
1964,104727,23763,1514,7028,2496
2143,95687,29215,1206,6447,4994
3899,114983,16795,1947,5559,687
2073,118287,19984,11633,3749,2054
1296,54288,17134,2828,2948,729
939,76629,15782,12790,7306,4052
762,77800,14234,7861,9251,554
4750,67367,26651,7094,9092,4866
1670,107810,29022,7345,9524,4531
3863,107754,23922,3167,1189,1623
2686,119328,19618,14960,7008,3640
3900,98513,22245,8979,8482,3870
1932,112762,23260,6926,1295,2052
3940,59022,15027,7532,9368,615
1127,99329,18986,6656,9168,4113
3298,89414,17400,6943,1799,4918
4671,31659,8526,10848,9997,3110
1204,87941,16593,9793,8003,859
4136,67930,6622,6439,9406,527
3773,73473,10518,9903,3700,4337
520,85598,7657,14269,9788,4033
2284,46040,23316,2203,6873,1918
4559,99806,13699,8000,5714,4539
483,43286,18955,10583,7491,3416
2478,99139,24862,11888,9333,1794
3094,85916,7656,7639,3839,4129
343,47600,21673,8689,4513,2575
1463,32291,28395,12464,2135,4177
1203,43123,10858,14117,7357,3653
1622,33811,28707,8513,3247,2278
2399,108883,24213,7626,7548,4394
3597,61276,15401,8386,5516,2998
3536,84145,27346,4131,5102,873
2878,76619,26196,8134,2548,2765
2391,111049,28648,4730,7532,1631
3352,100678,13758,3666,5511,2342
2914,118782,6473,1549,3831,2073
1190,56714,18281,5741,4062,4944
2341,85685,20964,13174,8975,1287
3581,42194,23371,2244,4052,2045
1604,103062,17057,13078,8210,4621
3298,94037,12673,5012,4539,869
598,49362,24644,11741,1526,4874
645,84499,28874,12396,3807,2202
4544,76281,28123,10037,2753,2157
2903,92813,19281,7196,7882,2428
764,74852,8251,5545,2654,4555
4831,77836,27289,7205,5841,1106
1643,34595,26684,8190,5041,3076
2298,45402,10054,9235,6024,4624
4697,95283,6716,14869,9965,822
2173,118131,14204,1658,9734,2376
2161,72723,19106,14015,5417,1083
3750,81322,6310,7995,9977,3309
2923,76764,22001,13122,5635,1155
580,54911,20882,12059,3883,722
3805,49405,9257,14335,6884,2622
4879,88122,20846,6776,1448,2720
2369,119756,27483,6293,4310,4050
3933,33447,15420,12839,5585,2942
4628,83143,18012,14430,9108,4485
3361,92906,5468,11974,5409,666
4708,40662,10905,2691,8873,2516
1101,93001,17308,11417,7051,617
1671,88282,20634,12258,9576,2309
2221,34899,19801,11139,1294,2706
4971,58582,22523,10557,2238,1750
217,97471,14628,8735,9041,4506
376,72213,13728,4130,3816,3609
1610,105871,22335,8044,2098,2171
4107,113205,29396,5533,2737,2651
3840,104081,16005,6547,3189,2797
2940,113805,24390,13713,3765,1536
4063,67830,27459,1967,2222,3114
1614,37066,12890,2404,7549,2379
3680,40712,27336,9677,1410,1096
4914,111527,12077,10947,3945,1120
1297,95365,6971,4630,9102,570
3997,117185,18568,3968,5786,2303
4787,60806,6191,8269,1786,1567
1156,42210,25304,2579,3109,2425
4880,66972,17820,11987,6446,1537
2367,64136,12765,6992,6835,3942
2892,74297,15254,1050,2986,3683
1973,45945,27577,7452,9126,1902
785,72477,8046,6153,8300,2861
4493,109180,16750,10851,6709,1938
1082,100453,17703,14900,3403,4311
2034,115404,21688,7023,9262,984
1615,107413,27723,5300,5401,4764
4556,43224,13043,3787,7701,745
2417,33052,9908,14381,4295,3871
4642,57272,15627,13820,9953,1850
3654,71150,7804,3155,3121,1029
497,47316,15176,8019,4582,4314
505,83389,8936,6360,5197,2288
3387,93332,22096,13538,6700,2202
2209,37240,28232,5230,8232,4125
4814,98774,14873,12353,5288,3820
3217,73175,16390,10806,2085,1259
3667,30565,13366,8607,9645,1903
1409,117298,24589,11928,3621,1297
4365,101094,26569,9598,9810,1031
4078,46375,19614,12571,9828,2417
1478,55710,11506,5197,3348,4637
4961,79895,23156,10576,5874,3916
2398,106639,22458,12887,4036,1098
110,45174,26831,14839,3349,805
3555,117329,13783,14919,6743,3409
650,57597,16170,6412,5432,1178
1500,104289,26648,5499,7175,3884
596,68397,19609,5909,8265,1230
979,101854,12322,8169,7103,2525
731,63069,17174,12094,8358,4728
57,115687,28035,10821,3031,3266
2244,70274,21208,4262,2249,2598
1702,104237,7410,10218,7808,891
1287,102498,18636,3989,4556,3243
112,68197,14039,14308,9519,4284
4807,78634,19990,8654,9988,4337
1202,60041,11441,3224,6299,2185
948,37248,13685,6376,4094,3414
4122,115365,18778,3920,3977,1918
758,32203,18191,8701,1962,4691
3389,81986,14732,7541,6725,4701
1842,55370,8956,6615,6489,4590
3536,65247,11553,5315,2268,4226
2294,105922,28253,7100,6279,4129
1105,30434,28915,13460,1372,3813
662,92982,24478,3783,5380,1584
909,95180,7365,10605,8617,1507
4618,64474,11668,13789,7279,1817
1857,54644,10000,12840,1095,2849
2312,68493,29304,3808,5369,3193
790,113824,24731,4331,4941,2778
172,33959,8675,3178,8021,4222
4361,77289,17907,1797,4944,4193
1987,41143,22336,3846,6868,4892
1886,69593,24684,1929,6396,4835
476,69115,24563,5818,9041,3747
1050,52540,20136,4091,1131,3634
4130,65481,16155,3262,8290,3098
2312,107097,17219,10525,7516,2685
1162,52578,8247,10466,6906,4552
816,42787,9415,13775,1807,4324
3767,102048,24741,8549,1050,4020
2923,82879,11472,4480,6277,1749
754,40596,27380,4342,1055,2574
4662,90669,9848,7053,4664,3004
462,49930,26859,8574,1743,2514
3240,77950,6037,8859,7030,1448
2703,48687,20634,10409,9131,606
81,82833,13262,10656,1079,2991
2805,65989,16066,13600,3966,654
870,60183,20554,5174,4728,3740
4695,50758,12008,8147,5536,1295
807,31082,27315,5770,1125,4867
1935,75891,20263,6833,6813,2070
704,75810,21238,9205,9410,2134
2524,76901,10642,8002,1947,2438
2640,113512,21489,3293,1594,2032
4583,101062,22153,3045,6030,3528
3910,51563,24324,2037,1140,4717
4802,102008,19531,7242,4055,1940
1165,32775,15384,13320,5205,1898
620,45828,21336,10651,6171,4146
3067,47974,29283,9448,8782,3897
4873,52388,18661,13321,3660,4745
447,110591,16687,7162,7856,3542
2338,48615,27998,5073,7089,2115
209,67886,27189,2283,6318,2013
2461,52838,18404,7732,3552,3098
3443,70728,9355,6945,4611,1344
2712,108000,5933,4487,9062,3919
2338,82798,13766,3184,2040,4030
1292,102776,27044,9550,9506,2827
2199,100478,10906,12983,8603,3540
1401,49622,17572,14041,5172,2476
4951,43536,17279,14890,3946,2335
2656,97136,15723,4187,4236,854
4013,35700,27434,13691,4680,2105
705,68839,15611,10417,5807,4973
826,40248,13261,6495,2537,3695
1005,75291,9474,3297,4872,2627
3461,112629,21638,8097,2867,1487
377,114891,28471,9469,2161,4828
973,47177,9787,13399,4920,653
4214,49483,18575,11178,6693,1406
3077,73815,12862,4544,4882,4263
444,68533,15956,11985,8738,2120
755,30026,15663,7831,9456,4128
3605,90611,21120,1391,7331,4074
4736,117242,27740,1968,6182,4918
2172,54660,8742,11382,2526,831
2706,85103,7035,6151,9131,4838
3466,82253,6967,11420,5394,929
2712,72082,29675,11818,2158,2923
2408,46258,6852,12037,5367,580
623,119690,24567,5364,5630,2073
1724,45389,15547,4307,4513,919
3323,57685,11618,11792,2144,966
1920,89220,18859,11872,1068,3893
919,57195,13303,7125,4717,2065
4216,51797,16350,5370,5723,2018
582,101310,21566,5838,5213,4530
3882,96332,28124,9277,7413,2535
1687,92907,5164,4134,4466,1303
3910,37188,11958,13691,4026,1577
2000,53696,7137,11431,7998,2132
2712,32024,15215,12556,3747,2484
401,103202,21838,11237,8271,503
3649,65985,23669,2054,7171,1102
2629,36584,29230,12593,4855,2867
1657,57044,26206,4729,9753,4175
621,35285,21925,3669,3203,1000
247,93115,11033,1275,4419,684
3340,37370,7665,13938,2144,4009
3011,47903,28533,6717,3699,3751
4720,62499,18129,13282,1560,3647
2369,52995,27182,10297,2187,3440
3995,65200,17125,9022,4133,1795
1840,118377,27169,9000,4411,554
2904,100402,25998,13873,2689,2224
4396,43566,25676,12124,5407,3410
4499,67822,11189,1128,3423,2370
3692,81222,28057,13543,2369,4672
3842,80668,18708,8077,7007,2843
4349,93853,23072,5326,7728,3790
1393,84643,10095,4568,9772,3848
3751,52333,19409,14448,1976,2101
4256,45958,12583,8622,5272,3293
3009,82442,29208,9080,7497,3837
4301,50954,6637,3402,1118,2590
3339,105174,19670,2647,2542,1751
3515,39675,10966,4556,5862,670
4954,119590,9670,13083,4043,3309
760,61661,10203,3193,1972,2854
2769,94289,26518,11239,1915,2273
3089,47184,23274,4104,7621,4254
2116,77963,24589,5355,1586,4491
4229,55822,13669,3134,9542,2581
1724,92303,19968,10034,6625,1326
2967,106465,7366,11163,8354,2165
430,35267,28943,13552,5591,629
2356,82647,23910,4903,3562,1917
2460,92814,29191,4613,7839,4287
4193,66025,5366,9583,9464,1907
1719,107605,20647,3279,3927,1093
1266,30981,27905,10092,7195,1537
1309,73436,14907,13875,7276,2628
1051,48472,11606,11686,5290,3778
3474,49336,5012,2152,6882,4799
2250,55587,24623,2294,7446,522
2810,107192,7317,9657,6167,2133
2922,114046,25426,6289,2522,4501
4677,83013,20429,11367,1561,4699
4042,114511,12485,4245,4540,1905
2418,39665,21759,7068,2479,1978
533,57097,5256,14337,7677,1694
899,82474,21833,7716,2205,1075
2655,101973,20903,7654,7660,2106
1470,55185,8212,9679,9848,4869
2921,105911,11175,3938,1589,951
1253,60484,27327,3626,5326,624
770,75610,29410,1949,5904,3954
834,80807,18571,13693,7421,2864
2210,80907,21087,10241,4759,2366
4650,87389,12446,14394,9939,2183
3425,55835,22692,5075,9655,1406
1092,83790,19877,13651,9945,4034
1197,106960,29723,10582,6936,929
3915,39643,17943,10275,9774,3251
1661,105846,15306,13838,3205,4325
4655,48951,9016,2658,5114,861
261,45233,25324,13579,5027,931
2265,43200,28097,7932,5816,3222
4901,82275,25455,9053,8188,3561
1186,117084,29491,7959,3808,3723
2450,106068,10912,2817,4603,2130
3534,119001,5442,9382,4913,769
4371,51291,7944,1460,2419,1623
4302,72448,8936,8971,3167,3676
3345,60580,5398,7015,3144,3892
867,51346,20696,7376,3167,1542
93,40619,7995,3521,6891,2141
3179,31766,11329,4476,7536,2941
1352,33549,7216,3705,2166,3797
365,48693,23091,5366,4575,1883
4917,92019,16523,10349,3841,4496
3719,78328,27150,13458,2870,514
1925,107701,27061,14726,3886,2174
3096,119100,7568,1027,1159,4117
2539,55301,29022,5231,8243,1980
1297,74763,5160,12164,4763,2245
2277,50765,20648,7548,2055,3546
3,74787,13067,4024,1333,4710
3493,37425,8904,14175,4596,1475
1754,42857,8573,14816,8607,2185
911,82771,6825,2264,2362,2583
307,52444,18786,10047,1925,2789
4232,71457,14815,13217,6519,2186
4016,109741,26966,7587,3443,4658
1439,30704,18794,7577,4980,1008
873,35452,6176,2251,8260,687
1142,68862,26302,13796,2419,3282
666,91471,26264,4870,1059,4688
209,99217,24604,2326,3524,4600
952,116058,12820,7177,4797,4009
1058,48300,21514,10217,2578,4017
4745,39566,28043,1361,8201,2572
4723,37501,24946,2218,1707,597
4621,31845,6499,1605,9165,1791
4009,69181,28814,6959,6277,3964
1869,87263,29089,14619,2780,2287
4865,108766,12626,2670,3413,1183
772,93038,28063,14003,8750,1632
4836,113290,21137,11489,3161,4622
